Name,Customer_ID,Date,Available_Balance,Subscription_Fee,Expenses_Made_on_Your_Behalf,Advance_for_Subscription,Advance_for_Expenses,Recommendations_and_Purchases,Trained_Manpower,Repairs_And_Maintenance,Out_of_home_Errands,Housekeeping_and_Organization
Abhi,PINCH001,June 2025,35182,17773,6516,25000,6000,5,3,2,2,1
Meera,PINCH002,June 2025,32810,15000,5000,18000,7000,4,2,1,1,0
Rohan,PINCH003,June 2025,37890,21000,5500,23000,8000,6,4,3,2,1
Divya,PINCH004,June 2025,30200,16000,6200,19500,7500,5,3,2,1,1
Amit,PINCH005,June 2025,34500,18500,5800,20000,6700,4,2,1,1,0
Sneha,PINCH006,June 2025,28900,17000,4900,17000,6200,3,1,2,2,1
Raj,PINCH007,June 2025,36550,19000,5300,22000,6900,5,3,3,2,2
Neha,PINCH008,June 2025,29880,14500,5100,16000,7000,2,2,1,0,0
Karan,PINCH009,June 2025,40000,23000,6000,21000,7600,6,3,2,3,2
Tina,PINCH010,June 2025,31220,17500,6400,20500,7200,4,2,1,1,1

